{
    "num_chunks": 15,
    "avg_doclen_est": 62.15259,
    "num_documents": 141431,
    "num_embeddings_est": 8.790303e6,
    "num_embeddings": 8819713,
    "embeddings_offsets": [
        1,
        470245,
        992232,
        1579487,
        1988526,
        2570439,
        3203527,
        3819103,
        4468889,
        5159377,
        5992920,
        6902256,
        7558852,
        8165499,
        8755677
    ],
    "num_partitions": 32768,
    "chunksize": 10000
}
